{
  "y_7": {
    "train": {
      "RMSE": 0.0002242703462229798,
      "MAE": 7.351840902313433e-05,
      "R2": 0.9999909111336246
    },
    "valid": {
      "RMSE": 0.04501922001294653,
      "MAE": 0.03293771384615214,
      "R2": 0.6883883196049488
    },
    "test": {
      "RMSE": 0.03530889424843977,
      "MAE": 0.02900525291258689,
      "R2": 0.8195377755898146
    }
  },
  "y_14": {
    "train": {
      "RMSE": 0.00030271853979514223,
      "MAE": 8.270054033930048e-05,
      "R2": 0.9999835738879003
    },
    "valid": {
      "RMSE": 0.045295221490364225,
      "MAE": 0.033464666571656414,
      "R2": 0.6727955352990058
    },
    "test": {
      "RMSE": 0.03472986738619921,
      "MAE": 0.027465914461670488,
      "R2": 0.8182707835601823
    }
  }
}